title,release_date,budget,revenue,overview
John Wick - Capitolo 2,2017-02-08,40000000,171539887,"Keanu Reeves torna nei panni del leggendario sicario John Wick, costretto a rimettersi in gioco grazie a un ex socio che trama di prendere il controllo di una oscura organizzazione internazionale. Vincolato da un giuramento di sangue, John decide di aiutarlo e si dirige a Roma dove affronterà alcuni dei più spietati killer al mondo."
Lockdown Tower,2023-02-08,0,0,"Nel cuore di una città, gli abitanti di una torre si svegliano una mattina e scoprono che il loro edificio è avvolto da una nebbia opaca che ostruisce porte e finestre: una strana materia oscura che divora tutto ciò che tenta di attraversarla. Intrappolati, gli abitanti cercano di organizzarsi, ma per assicurarsi la sopravvivenza soccombono gradualmente ai loro istinti più primitivi, fino a sprofondare nell'orrore..."
団鬼六　修道女縄地獄,1984-05-25,0,0,
Encanto,2021-10-13,50000000,253000000,"Il film racconta la storia di una famiglia straordinaria, i Madrigal, che vive nascosta tra le montagne della Colombia, in una casa magica, in una città vivace, in un luogo meraviglioso e incantato chiamato Encanto. La magia di Encanto ha donato a ogni bambino della famiglia un potere unico, dalla superforza al potere di guarire. Tutti tranne Mirabel. Ma quando scopre che la magia che circonda Encanto è in pericolo, Mirabel decide che lei, l'unica Madrigal ordinaria, può essere l'ultima speranza della sua straordinaria famiglia."
One Piece Film - Red,2022-08-06,0,150797338,"Uta: la cantante più amata al mondo. La sua voce, con cui canta nascondendo la sua vera identità, è stata descritta come ""ultraterrena"". Apparirà in pubblico per la prima volta in un concerto dal vivo. I fan di Uta, insieme a pirati eccitati, alla Marina che osserva da vicino e alla Ciurma di Cappello di Paglia che è semplicemente venuta per godersi la sua performance, si riuniscono per ascoltare la voce che il mondo intero stava aspettando. La storia inizia con il fatto scioccante che lei è la ""figlia di Shanks"". Uta sale sul palco, con il solito desiderio di ""Rendere felice il mondo con la mia musica"". C'è Gordon, un personaggio misterioso che conosce il passato di Uta e intravede l'ombra di Shanks. Su Elegia, l'isola della musica, Luffy e Uta si riuniscono per la prima volta dall'ultima volta che si sono incontrati 12 anni fa nel Villaggio di Foosha."
We Are Zombies,2024-07-17,0,0,
Batman v Superman: Dawn of Justice,2016-03-23,250000000,874362803,"Temendo le azioni di un supereroe che è quasi un dio e che è rimasto troppo a lungo incontrollato, il formidabile e poderoso vigilante di Gotham City affronta il riverito e contemporaneo salvatore di Metropolis, mentre il mondo cerca di capire di quale tipo di eroe abbia realmente bisogno. E mentre Batman e Superman sono in guerra l'uno con l'altro, una nuova minaccia emerge rapidamente, mettendo tutta l'umanità in un pericolo più grande di qualsiasi altro abbia conosciuto fino a quel momento."
Hunger Games - La ballata dell'usignolo e del serpente,2023-11-15,100000000,337371917,"Molto prima delle avventure di Hunger Games, Coriolanus Snow è un giovane ragazzo deciso a riabilitare il nome della sua famiglia caduta in disgrazia. La decima edizione degli Hunger Games si avvicina, e Snow è nominato mentore di Lucy Grey Baird, la ragazza tributo del miserabile Distretto 12."
Transformers - L'ultimo cavaliere,2017-06-16,217000000,605425157,"I Transfomers che da anni vivono tra noi si nascondono alle forze speciali del governo Usa. Quando dei ragazzini entrano nell'area proibita di Chicago, dove ci fu una battaglia, Cade Yaeger interviene a salvarli e riceve da un Transformer un antico talismano, che gli si attacca addosso. Yaeger e la giovanissima Izabella sfuggono all'arresto e si rifugiano in una discarica di automobili, dove vivono diversi Autobot. Il governo sa che arriverà dallo spazio qualcosa e per fermarlo i suoi funzionari sono disposti a venire a patti con Megatron, liberando alcuni dei suoi più pericolosi Decepticon. Questi danno la caccia a Yaeger, che viene però salvato dal robot maggiordomo Cogman, al servizio di un Lord inglese che intende svelare a Yaeger la storia dei Transformers. Nel mentre Optimus Prime, sul pianeta Cybertron, è stato soggiogato dalla divinità aliena Quintessa, i cui piani per la Terra sono apocalittici."
TOGEFILM - Mei Mei,2023-04-06,0,0,
Red,2022-03-10,175000000,21328962,"Mei Lee è una tredicenne che si trasforma improvvisamente in un gigantesco panda rosso quando si emoziona troppo (che significa praticamente SEMPRE). La madre di Mei Lee, Ming, è protettiva, se non leggermente autoritaria, e non si allontana mai da sua figlia: una realtà imbarazzante per un'adolescente come lei."
L'esorcista del Papa,2023-04-05,18000000,76987621,"Padre Gabriele Amorth è stato a lungo - dal 1986 fino alla morte, avvenuta nel 2016 a 91 anni - esorcista della diocesi di Roma, avendo praticato più di 100mila rituali di purificazione dal maligno nel corso della sua vita. Questa è la storia della sua lotta contro Satana."
Shrek e vissero felici e contenti,2010-05-16,165000000,752600867,"Shrek è ormai felicemente sposato con Fiona, padre amorevole ed impegnato e le sue giornate si ripetono tutte uguali a se stesse. Insoddisfatto ed incastrato in una routine che sente tarpargli le ali, l'orco desidera unicamente poter tornare alla sua vecchia vita, quella in cui era temuto e lasciato in pace. Pane per i denti di Tremotino, che gli propone uno dei suoi terribili accordi: rivivere la sua vecchia vita in cambio di un giorno a caso (ma non tanto) del suo passato. La scelta lo catapulterà in una realtà in cui non è mai nato, dunque non ha mai salvato Fiona e gli orchi sono cacciati proprio da Tremotino il quale, grazie a quei cambiamenti, ha preso il potere del regno."
The Conjuring - Il caso Enfield,2016-06-08,40000000,322811702,"Lorraine ed Ed Warren, esperti di paranormale, per una delle loro indagini più terrificanti si recano a Londra con lo scopo di aiutare una madre single che sta tentando di crescere da sola quattro bambini in una casa tormentata da spiriti maligni."
Toy Story - Il mondo dei giocattoli,1995-10-30,30000000,394436586,"Nell'universo confinato che è la stanza di Andy i suoi giocattoli si autogestiscono facendo riferimento a Woody il cowboy, da sempre il preferito del bambino. Quando però una festa di compleanno porta in casa lo space ranger Buzz Lightyear, giocattolo nuovo e moderno, gli equilibri e le preferenze cominciano a cambiare. Buzz ha un carattere diverso da Woody, pensa di essere un vero space ranger e piace a tutti. Questo proprio a pochi giorni dal temutissimo grande trasloco in cui tutti i giocattoli temono di essere persi..."
Black Panther - Wakanda Forever,2022-11-09,250000000,859102154,"La Regina Ramonda, Shuri, M’Baku, Okoye e le Dora Milaje, lottano per proteggere la loro nazione dalle invadenti potenze mondiali dopo la morte di Re T’Challa. Mentre gli abitanti del Wakanda cercano di comprendere il prossimo capitolo della loro storia, gli eroi devono riunirsi con l’aiuto di War Dog Nakia e di Everett Ross e forgiare un nuovo percorso per il regno del Wakanda."
Guerre stellari,1977-05-25,11000000,775398007,"In un lontano Impero Galattico è in atto una rivolta contro i suoi dispotici capi, tra i quali il più cattivo è Lord Darth Vader. Prima di cadere nelle sue mani, la principessa Leila Organa, rappresentante dei ribelli, riesce ad affidare a due robot i piani della ""Morte Nera"" - la potentissima base spaziale di Darth Vader, capace di disintegrare un intero pianeta - e un appello al vecchio generale Obi-Wan Kenobi, che abita sul pianeta Tatooine, perché accorra in aiuto dei rivoltosi. Il messaggio viene raccolto dal giovane Luke Skywalker che, rintracciato Obi Wan Kenobi, parte con lui in soccorso della principessa a bordo di un'astronave guidata dal mercenario Han Solo e dal suo secondo Chewbacca."
Meteor,2021-09-01,0,0,
엄마친구,2015-08-20,0,0,
Ted 2,2015-06-25,68000000,215863606,"E' ora di legalizzare Ted. Da quando abbiamo lasciato John e Ted, i due continuano a spassarsela alla grande in quel di Boston. Mentre John ora è scapolo, Ted convola a nozze con Tami-Lynn, la donna volgarotta dei suoi sogni. Poiché i problemi coniugali cominciano ad assalire gli sposi, Ted e Tami-Lynn decidono di avere un bambino per salvare il loro matrimonio. Le loro speranze vengono schiacciate però quando il Commonwealth del Massachusetts dichiara che Ted non è un essere umano, ma una proprietà, e quindi la sua domanda di adozione viene respinta. Inoltre, viene licenziato dal suo lavoro presso il negozio di alimentari, e sommariamente informato che il suo matrimonio è stato annullato. Arrabbiato e sconsolato, Ted incassa la sua frustrazione e chiede al suo migliore amico di aiutarlo a citare in giudizio lo Stato per far valere i suoi diritti."
La furia di un uomo - Wrath of Man,2021-04-22,40000000,103966489,"Patrick ""H"" Hill è un uomo tanto freddo e misterioso. Lavora per conto di una società di furgoni che trasportano valori e ogni settimana è responsabile dello spostamento di centinaia di milioni di dollari per le strade di Los Angeles. Ben presto, la sua routine prenderà una piega inaspettata."
Lo Hobbit: Un viaggio inaspettato,2012-12-12,250000000,1021103568,"Gandalf riunisce tredici nani e convince l'hobbit Bilbo Baggins ad aggregarsi al gruppo e lasciare la tranquillità del suo villaggio. La compagnia intraprende un viaggio nella Terra di Mezzo, riportando i nani nell'antico regno."
Povere creature!,2023-12-07,35000000,117607117,"Bella Baxter viene riportata in vita dal brillante e poco ortodosso scienziato Dr. Godwin Baxter. Affamata della mondanità che le manca, Bella fugge con Duncan Wedderburn, un avvocato elegante e dissoluto, in una vorticosa avventura attraverso i continenti."
Kingsman: Secret Service,2015-01-24,81000000,414351546,"Dall’omonimo fumetto di Mark Millar, la storia di un’organizzazione super segreta britannica che recluta e forma spie. L’agente Harry Hart (Colin Firth) inserisce nel programma di formazione il giovane Eggsy (Taron Egerton), un ragazzo rude ma di grandi potenzialità, figlio di un suo amico morto anni prima durante una missione. Insieme dovranno impedire al geniale Richard Valentine (Samuel L. Jackson) di portare a termine il suo folle compito di “salvare” il mondo."
Fast & Furious 8,2017-04-12,250000000,1236000000,"Ora che Dom e Letty sono in luna di miele e Brian e Mia si sono ritirati ed il resto del gruppo è stato esonerato, il team giramondo ha trovato una parvenza di vita normale. Ma il gruppo sarà messo a dura prova come mai prima d'ora quando una donna misteriosa irretisce Dom per indurlo a ritornare al mondo del crimine, dal quale lui tenta invano di sfuggire e a fargli tradire coloro che gli sono più cari.  Dalle coste di Cuba e le strade di New York fino alle distese ghiacciate del Mare di Barents, la nostra squadra d'élite attraverserà il globo per impedire a un ribelle di scatenare il caos in tutto il mondo e per riportare a casa l'uomo che li aveva resi una famiglia."
Garfield - Il film,2004-06-10,50000000,200800000,"La vita del gatto Garfield è perfetta: mangia, dorme e nulla di più. Ma dal momento in cui il suo padrone, Jon Arbuckle, porta a casa un cagnolino di nome Odie, le cose cambiano in peggio. E quando Odie viene rapito, Garfield si sente in colpa e parte per recuperarlo."
Hunger Games: Il canto della rivolta - Parte 1,2014-11-19,125000000,755356711,"Katniss Everdeen (Jennifer Lawrence) si trova ora nel Distretto 13 dopo aver annientato i giochi per sempre. Sotto la guida della Presidente Coin (Julianne Moore) e i consigli dei suoi fidati amici, Katniss spiega le sue ali in una battaglia per salvare Peeta (Josh Hutcherson) e un intero Paese incoraggiato dalla sua forza."
Scream VI,2023-03-08,35000000,168961389,"Sopravvissute ai tragici eventi di Woodsboro, Sam e Tara Carpenter si trasferiscono a New York. Tara è intenzionata a vivere una vita normale e mettersi tutto alle spalle, mentre Sam è preoccupata che un nuovo assassino possa prenderle di mira e vuole proteggere la sorella minore. Quando cominciano a diffondersi le notizie su omicidi ad opera di assassini travestiti da Ghostface, Sam si unisce al detective Bailey, a Kirby Reed e a Gale Weathers per organizzare una squadra e difendersi dalla minaccia."
Dragon Trainer,2010-03-18,165000000,494879471,"Hiccup è un giovane vichingo che vive in un villaggio sperduto nel nulla, in una landa fredda, inospitale, con poco da mangiare e soprattutto infestata dai draghi. Tuttavia i vichinghi invece che spostarsi preferiscono combattere, non a caso sono tutti grandi e grossi. Tutti tranne Hiccup, figlio del capo del villaggio, che è secco e inadatto al combattimento. Il ragazzo ha però una spiccata passione per la costruzione di macchinari con cui tenta di uccidere draghi e una conseguente inclinazione per la creazione di problemi..."
Spider-Man: Homecoming,2017-07-05,175000000,880166924,"Peter Parker non riesce a scrollarsi di dosso quanto sia stata incredibile la sua esperienza con gli Avengers in Captain America: Civil War, l'aver conosciuto Tony Stark e avere mantenuto con lui un rapporto speciale, tanto da avere un contatto diretto attraverso il suo assistente Happy Hogan e da aver ricevuto in dono un super-costume. Peter è così innamorato dell'idea di diventare un Avenger da lasciar scivolare in secondo piano anche la ragazza che gli fa battere il cuore, la bella Liz, per andare dietro ai criminali e mostrarsi pronto per la posizione in squadra."
Cenerentola,2015-03-06,95000000,543514353,"Ella cresce felice tra mamma e papà. Ma la sua serenità è turbata dalla morte prematura della madre, che le ha fatto promettere di essere sempre coraggiosa e gentile. Coraggio e gentilezza le serviranno con la donna che il padre sposerà in seconde nozze. Lady Tremaine ha un ex principe da dimenticare e due figlie da accasare. Sola e vessata, dopo la perdita del padre, Ella è costretta a (ri)governare la casa e ad abitare la sua ala polverosa. Appellata Cinderella dalle due sorellastre, Ella fugge a cavallo dove incontra Kit, un ragazzo che lavora a palazzo. Emozionata da quell'incontro, decide di partecipare al ballo reale e aperto a sorpresa ai sudditi. Il suo desiderio non ha però fatto i conti con la matrigna e le sorellastre, che la umiliano strappandole il vestito. Ma lassù qualcuno la ama. Avvicinata dalla fata madrina, i suoi sogni diventano realtà. Dentro una zucca trasformata in carrozza, raggiungerà il castello e scoprirà che Kit è addirittura un principe. Il suo principe."
Spider-Man - Un nuovo universo,2018-12-06,90000000,384298736,"Miles Morales è un ragazzo afro-ispanico di New York che è appena entrato in una scuola relativamente esclusiva, dove però si sente fuori luogo. Qui infatti non conosce nessuno e suo padre, un poliziotto che detesta Spider-Man, non lo aiuta mettendolo in imbarazzo. Miles si rifugia dallo zio, che asseconda invece la sua passione da street artist, ma durante una escursione nei sotterranei di New York Miles viene morso da un ragno radioattivo. Il giorno dopo, sconvolto da sorprendenti poteri che somigliano a quelli di Spider-Man, torna a cercare il ragno e finisce per assistere a uno scontro tra l'eroe e vari villain, durante il quale un esperimento per aprire un varco dimensionale ha effetti imprevisti. Presto Miles scoprirà che non c'è un solo Uomo Ragno!"
Good Boy,2022-06-03,8500,0,
Il gladiatore,2000-05-04,103000000,465361176,"Dopo una vittoria contro i Britanni l'imperatore Marco Aurelio, che disprezza il figlio Commodo, decide che il suo successore sarà il generale Massimo, uomo straordinario, amato da tutti. Ma Commodo uccide il padre e ordina la morte del generale e della sua famiglia. Massimo fugge in Africa, diventa gladiatore, torna a Roma dove si fa riconoscere. Diventa l'eroe del Colosseo, idolatrato dal popolo. Tanto che lo stesso Commodo non può farlo uccidere. Lo sfida a un duello nell'arena, dopo averlo vigliaccamente ferito. Massimo uccide finalmente l'orrendo imperatore."
Doctor Strange,2016-10-25,180000000,676343174,"Stephen Strange è un neurochirurgo dal talento straordinario e dall'ego smisurato. Incapace di accontentarsi di salvare delle singole vite, ambisce a qualcosa che vada oltre e che rivoluzioni la medicina conosciuta. Dopo un grave incidente d'auto perde l'uso delle terminazioni nervose delle mani e quindi la possibilità di intraprendere il proprio lavoro. Strange non accetta la sua nuova condizione e si spinge fino in Nepal in cerca di una cura misteriosa. A Katmandu scoprirà dei segreti che vanno ben oltre quelli spiegabili con la sola scienza."
Il diritto di contare,2016-12-10,25000000,236000000,"Katherine Johnson, Dorothy Vaughn e Mary Jackson sono tre donne afro-americane. Lavorano alla Nasa e sono le menti brillanti che hanno messo a punto il primo programma di missioni spaziali che ha portato uomini come l'astronauta John Glenn in orbita. Il loro operato, basato sull'elaborazione di importanti dati matematici, ha contribuito a ridare nuova fiducia alla nazione, ridefinire la corsa nello spazio e stupire il mondo. Da visionarie quali sono, hanno avuto la meglio sugli stereotipi di genere e razza, divenendo fonte di ispirazione per le giovani generazioni."
Una notte da leoni 3,2013-05-23,103000000,362000072,"Da Los Angeles a Tijuana in Messico e di nuovo a Las Vegas. Il capitolo conclusivo di Una notte da leoni racconta del rapimento di Doug da parte di un certo Marshall. Quest'ultimo è un criminale che ha un conto in sospeso con Leslie Chow e solo Phil, Stu e Alan possono riuscire nell'impresa di trovarlo e consegnarglielo per salvare la vita a Doug."
Lilo & Stitch,2002-06-21,80000000,273144151,"Alcuni extraterrestri compiono un esperimento genetico, che purtroppo non ha gli esiti sperati: il risultato è Stitch, un buffo animaletto, che ben presto riuscirà a fuggire. Stitch atterra sul pianeta terra, più precisamente alle Hawaii, dove viene adottato dalla piccola Lilo e dalla sua famiglia, e imparerà l'importanza dell'amore e della solidarietà. Intanto però l'animaletto deve vedersela con gli alieni che lo hanno creato e che vogliono riprenderselo..."
Lo Hobbit: La desolazione di Smaug,2013-12-11,250000000,958400000,"Bilbo, Gandalf e i 12 nani capitanati da Thorin Scudodiquercia procedono il loro viaggio verso Est, per raggiungere la Montagna sacra, tra ragni giganti, uomini orso e il fondamentale incontro con gli elfi silvani di Legolas. Ad un passo dalla meta però Gandalf è costretto a separarsi dalla compagnia per affrontare prove più importanti da solo, mentre i nani e Bilbo giungono a Pontelagolungo, alle pendici del monte in cui riposa il drago Smaug. Determinato a riprendere quel che è suo Thorin Scudodiquercia non attende Gandalf e decide di procedere da solo inviando come pattuito Bilbo a rubare l'Arkengemma dal drago dormiente."
Apes Revolution - Il pianeta delle scimmie,2014-07-08,170000000,710644566,"Una nazione in crescita di scimmie geneticamente modificate guidate da Cesare viene minacciata da un gruppo di umani sopravvissuti al virus devastante liberato un decennio prima. Raggiungono una fragile pace, che tuttavia dura ben poco, e così entrambi i fronti finiscono trascinati sull'orlo di una guerra che determinerà la specie dominante sulla Terra."
Flamin' Hot,2023-03-11,0,0,"La storia ispirata a Richard Montañez, l'inserviente della Frito Lay che ha saputo convogliare la sua eredità messicana e la sua formazione per trasformare l'iconico Flamin' Hot Cheetos in uno snack che ha rivoluzionato l'industria alimentare ed è diventato un fenomeno della cultura pop globale."
Il cavaliere oscuro,2008-07-16,185000000,1004558444,"Il crimine organizzato a Gotham City ha le ore contate. Batman, il tenente Gordon, il nuovo Procuratore Distrettuale e alcuni improbabili epigoni dell'Uomo Pipistrello in imbottiture da hockey hanno dichiarato guerra ai criminali. La loro fortuna e i loro dollari, accumulati in una banca di massima sicurezza, vengono rubati da Joker, un pagliaccio sadico e mascherato che getterà la città nel disordine e nell'anarchia. Riempite le tasche di lame, polvere da sparo e lanugine, Joker sfiderà il cavaliere oscuro di Bruce Wayne e rivelerà il lato oscuro di Harvey Dent, l'eroe procuratore che applica la giustizia e agisce a volto scoperto."
1992,2024-08-29,0,2587463,
劇場版 推しが武道館いってくれたら死ぬ,2023-05-12,0,0,
Le Consentement,2023-10-11,3700000,4686249,
Five Nights at Freddy's,2023-10-25,20000000,294803785,"Una guardia giurata problematica inizia a lavorare da Freddy Fazbear's Pizza. Mentre trascorre la sua prima notte di lavoro, si rende conto che il turno di notte da Freddy non sarà così facile da superare."
Avengers: Endgame,2019-04-24,356000000,2799439100,"In seguito alle azioni di Thanos nel precedente Avengers: Infinity War la popolazione dell'intero universo è stata dimezzata e tra i caduti c'è stato anche Nick Fury. Ma prima di morire questi è riuscito a lanciare un messaggio nello spazio alla potentissima Capitan Marvel, che tornata sulla Terra e di fronte a un gruppo di Avengers afflitto dalla sconfitta e dal lutto, vuole prendere le cose in mano. Quello che ha fatto Thanos però non si può risolvere con la semplice superforza e i colpi di energia..."
Pirati dei Caraibi - Oltre i confini del mare,2011-05-15,379000000,1045700000,"Capitan Jack Sparrow si ritrova coinvolto in un rocambolesco viaggio per raggiungere la leggendaria Fonte della Giovinezza quando una donna del suo passato lo costringe a salire a bordo della Queen Anne's Revenge, la nave del formidabile pirata Barbanera."
Avengers: Age of Ultron,2015-04-22,365000000,1405403694,"Quando Tony Stark riprende un programma di mantenimento della pace in disuso, qualcosa va storto e la squadra degli eroi più potenti della Terra composta da Iron Man, Captain America, Thor, l’Incredibile Hulk, Vedova Nera e Occhio di Falco, sarà messa a dura prova per salvare il mondo da un destino inesorabile. Toccherà agli Avengers far fronte al malvagio Ultron e impedirgli di portare a compimento i suoi terribili piani. Nuove e scomode alleanze ed eventi imprevisti daranno vita a una straordinaria ed epica avventura"
Titanic,1997-11-18,200000000,2264162353,"Rose ha diciassette anni, una madre egoista, un fidanzato facoltoso e una vita pianificata. Imbarcata sul Titanic e insoddisfatta della propria subalternità al futuro sposo incontra Jack, romantico disegnatore della terza classe che ha vinto a poker un biglietto per l'America. Contro le convenzioni e il destino, che chiederà il conto in una notte senza luna, Rose e Jack si innamorano, spiegando il loro spirito come i motori del più grande transatlantico del mondo. Lanciato nella sua prima traversata oceanica il Titanic è colpito al cuore da un iceberg, 'affondando' millecinquecento persone e il futuro dei due giovani amanti. Ottantaquattro anni dopo l'ultracentenaria Rose, scampata al naufragio e sopravvissuta a Jack, racconterà a un gruppo di scienziati la meraviglia di un amore interclassista e la stupidità di un mondo diviso in classi. Un mondo che il Titanic inabisserà in un oceano nero il 15 aprile del 1912."
The Family Plan,2023-12-14,0,0,"Dan Morgan è tante cose: un marito devoto, un padre premuroso, uno stimato venditore di auto. Ma è anche un ex assassino. E quando il suo passato torna a galla, è costretto a far fare alla sua famiglia, all'oscuro di tutto, un viaggio decisamente insolito."
Il padrino - Parte II,1974-12-20,13000000,102600000,"Il film tratta della giovinezza e dei primi passi nel mondo del crimine di Vito Corleone, e delle difficoltà cinquant'anni più tardi di suo figlio, Michael, a mantenere in piedi l'impero Corleone. Il tutto tra vicende di emigrazione, tradimenti familiari, inchieste governative e affari."
John Wick 3 - Parabellum,2019-05-15,55000000,326709727,"John Wick è in fuga per due ragioni: una taglia di 14 milioni di dollari e per aver infranto una delle regole fondamentali, uccidere qualcuno all'interno dell'Hotel Continental. La vittima infatti era un membro della Gran Tavola che aveva posto la taglia su di lui. John avrebbe dovuto già essere stato eliminato, ma il manager dell'Hotel Continental gli concede un'ora di tempo prima di dichiararlo ufficialmente “scomunicato"". John dovrà cercare di restare vivo, lottando e uccidendo, in cerca di una via d’uscita da New York City."
The Batman,2022-03-01,185000000,771000000,"Quando un killer prende di mira l’élite di Gotham con una serie di malvagi stratagemmi, una scia di indizi criptici spinge il più grande detective del mondo a indagare nei bassifondi, incontrando personaggi come Selina Kyle alias Catwoman, Oswald Cobblepot alias il Pinguino, Carmine Falcone e Edward Nashton alias l’Enigmista. Mentre le prove iniziano a condurlo più vicino alla soluzione e la portata dei piani del malfattore diventa chiara, Batman deve stringere nuove alleanze, smascherare il colpevole e rendere giustizia all’abuso di potere e alla corruzione che da tempo affliggono Gotham City."
Bad Boys for Life,2020-01-15,90000000,426505244,"Due poliziotti di vecchia scuola, Mike Lowrey e Marcus Burnett, fanno squadra con una unità d'élite per fermare le attività di un pericoloso criminale di Miami a capo del locale cartello della droga."
Transmorphers: Mech Beasts,2023-06-09,0,0,"20 anni dopo gli eventi di Transmorphers, una nuova e più avanzata specie di robot alieno scende sulla Terra ricostruita, minacciando ancora una volta di distruggere il pianeta."
A.R.I. - Il mio amico robot,2022-01-13,0,0,"Il giovane Noah trova il robot A.R.I. nel laboratorio dove lavora il padre. Dopo averlo riavviato accidentalmente, A.R.I. prende vita e Noah decide di portarlo a scuola per mostrarlo all'amica Bethany. I due scoprono così che il robot possiede delle abilità speciali, come volare e diventare invisibile. I suoi programmatori però vogliono riaverlo indietro per trasformarlo in un’arma letale. Riuscirà Noah a proteggere il suo simpatico amico?"
Ape vs Mecha Ape,2023-03-24,0,0,
Le ali della libertà,1994-09-23,25000000,28341469,"Siamo nel 1946. Processato per l'omicidio della moglie e del suo amante, Andy, un bancario del New England, viene condannato a un doppio ergastolo e recluso nel penitenziario di Shawshank. All'inizio è vittima delle violenze dei reclusi, poi però diventa il consulente finanziario delle guardie. Scopre così che il direttore falsifica i libri contabili intestando i conti a un fittizio Randall Stevens. Fuggito di prigione attraverso un tunnel costruito negli anni, Andy assume l'identità di Randall Stevens, denuncia il direttore e va in Messico."
La camera delle torture cinesi,1994-05-19,0,0,"La polizia arresta due amanti, accusandoli di aver ucciso il marito di lei. Le torture cinesi sono quelle inferte dalla polizia. Ma la verità verrà a galla."
Black Lotus,2023-04-12,0,0,
20th Century Girl,2022-10-06,119,0,"Yeon-du chiede alla sua migliore amica Bora di raccogliere tutte le informazioni possibili su Baek Hyun-jin mentre lei è negli Stati Uniti per un'operazione al cuore. Bora decide di avvicinarsi prima al migliore amico di Baek, Pung Woon-ho. Tuttavia, il maldestro piano di Bora prende una direzione inaspettata. Nel 1999, un anno prima del nuovo secolo, Bora, che compie diciassette anni, cade nella febbre del primo amore."
Trolls 3 - Tutti insieme,2023-10-12,95000000,207318137,"Dopo due film all'insegna della vera amicizia e del continuo flirt, Poppy e Branch sono ora ufficialmente, finalmente, una coppia (#broppy)! Man mano che si legano sempre di più, Poppy scopre che Branch ha un passato segreto. Faceva parte della sua boyband preferita, la BroZone, insieme ai suoi quattro fratelli: Floyd, John Dory, Spruce e Clay. I BroZone si sono sciolti quando Branch era ancora un bambino, così come la sua famiglia, e da allora Branch non ha più visto i suoi fratelli.  Ma quando Floyd, il fratello di Branch, viene rapito a causa del suo talento musicale da una coppia di malvagie popstar - Velvet e Veneer - Branch e Poppy intraprendono un viaggio straordinario ed emozionante per riunire gli altri fratelli e salvare Floyd da un destino ancora peggiore dell'oscurità della cultura pop."
Talk to Me,2023-07-26,4500000,92000000,"Un gruppo di giovani amici scopre come evocare i demoni facendo uso di un'antica mano imbalsamata, finché uno di loro si spinge troppo oltre aprendo irrimediabilmente le porte al mondo degli spiriti. Perseguitato così da visioni soprannaturali, il gruppo si trova inconsapevolmente al centro di una possessione devastante che porterà a porsi una domanda importante: meglio fidarsi dei vivi o dei morti?"
Una notte da leoni,2009-06-02,35000000,469310836,"Doug, Phil, Stu e Alan sono un gruppo di amici che, all'annuncio del matrimonio di Doug, decidono di organizzare una festa di addio al celibato a Las Vegas. Phil e Stu sono amici d' infanzia dello sposo: uno è un sereno insegnante delle elementari, mentre l'altro è un dentista, convivente con una gelosa quanto atroce compagna; Alan è invece lo stravagante fratello della promessa sposa di Doug ed accetta di partecipare una volta invitato dal cognato.Giunti a Las Vegas i quattro si recano sul tetto dell'albergo in cui risiedono e una volta qui iniziano a bere in onore della loro amicizia. Il mattino seguente gli amici si svegliano intontiti e privi di ricordi della sera precedente e dopo aver riacquistato un minimo di lucidità si accorgono che la stanza dell'hotel è totalmente sottosopra e che il loro amico Doug, lo sposo, è scomparso nel nulla."
Up,2009-05-28,175000000,735099082,"In una sala cinematografica si proietta un cinegiornale su un esploratore, Charles Muntz, che è tornato dall'America del Sud con lo scheletro di un uccello che la scienza ufficiale qualifica come falso. Muntz riparte per dimostrare la sua onestà. Un bambino occhialuto, Carl, è in sala. Muntz è il suo eroe. Incontrerà una bambina, Ellie, che ha la sua stessa passione. I due cresceranno insieme e si sposeranno. Un giorno però Carl si ritrova vedovo con la sua villetta circondata da un cantiere e con il sogno che i contrattempi della vita non hanno mai permesso a lui ed Ellie di realizzare: una casa in prossimità delle cascate citate da Muntz come luogo della sua scoperta. Un giorno un Giovane Esploratore bussa alla sua porta. Sarà con lui che Carl, senza volerlo, comincerà a realizzare il sogno."
Cars 3,2017-06-15,175000000,383925276,"Saetta McQueen, ora un'auto da corsa veterana, è costretto a ritirarsi dopo un disastroso incidente. Saetta chiede alla giovane Cruz Ramirez, esperta di auto da corsa, e sua grande fan, di aiutarlo a tornare in pista per battere il suo avversario: Jackson Storm."
Smile,2022-09-23,17000000,217408513,"La dottoressa Rose Cotter viene perseguitata da spaventosi e terrificanti eventi, dopo aver assistito a un traumatico episodio che ha coinvolto una sua paziente. Assalita dal terrore che prende il sopravvento sulla sua vita, Rose sarà costretta a confrontarsi con il suo passato per sopravvivere e sfuggire ad una nuova e agghiacciante realtà."
Yu-Gi-Oh! Zero - La Guerra dei Draghi,1999-03-06,0,0,
White Chicks,2004-06-23,37000000,113100000,"Kevin e Marcus Copeland sono due fratelli di colore, entrambi agenti dell'FBI, a cui viene affidata la missione di proteggere due ereditiere, le sorelle Wilson, Brittany e Tiffany da un complotto che mira al rapimento delle due. Il supervisore Elliott Gordon ha dato ai due agenti questa ultima possibilità, prima di licenziarli, considerando la scarsa reputazione dei fratelli Copeland. Ma quando le sorelle Wilson in seguito ad una leggera ferita rifiutano di uscire di casa, per portare avanti il piano, i due agenti dovranno fisicamente prendere il posto delle due ragazze, travestendosi e cambiando colore della pelle."
Toy Story 2 - Woody & Buzz alla riscossa,1999-10-30,90000000,497375381,"Il film inizia quando Buzz Lightyear si ritrova sul pianeta Zurg. L'eroe, dopo aver superato una serie di difficoltà, compresa una che ricorda Indiana Jones, raggiunge il tiranno galattico, venendo tuttavia disintegrato. Rex giocava al gioco dedicato a Buzz e alle sue avventure, e non vede l'ora di poter sconfiggere Zurg e finire il livello. A casa di Andy, Woody e Buzz sono diventati amici. Un giorno, Woody cercava il suo cappello aiutato dai suoi amici, perché voleva andare al campo campeggio cowboy, finché Slinky lo trova ma riferisce anche che sta arrivando Buster, il vivace cagnolino di Andy."
Pirati dei Caraibi - La vendetta di Salazar,2017-05-23,230000000,795900000,"Catapultato in una nuova e travolgente avventura, lo sventurato Capitan Jack Sparrow vede peggiorare la propria sfortuna quando dei letali marinai fantasma fuggono dal Triangolo del Diavolo guidati dal terrificante Capitano Salazar e decisi a uccidere ogni pirata del mare… soprattutto Jack. La sua unica speranza di sopravvivenza risiede nel leggendario Tridente di Poseidone, ma per riuscire a trovarlo Jack dovrà formare una precaria alleanza con la brillante e affascinante astronoma Carina Smyth e con Henry, un giovane e risoluto marinaio della Royal Navy. Capitan Jack si metterà al timone della sua nave, un piccolo e malandato vascello, per sconfiggere la sorte avversa e scampare al nemico più forte e crudele che abbia mai affrontato."
Wrong Turn 2 - Senza via di uscita,2007-08-25,4000000,0,"Un comandante militare in pensione, il colonnello Dale Murphy, organizza il piú agghiacciante dei reality show: sei concorrenti devono sopravvivere nell'ambiente post-apocalittico di una remota zona della Virginia. Lo show diventa un incubo quando gli uomini scoprono di essere diventati preda di un gruppo di terribili cannibali, deformi ed insaziabili, cacciatori sanguinari determinati a nutrirsi della loro carne."
L'era glaciale,2002-03-10,59000000,383257136,"All'inizio dell' Era Glaciale, tre creature assolutamente mal assortite si ritrovarono coinvolte per caso in una straordinaria avventura. Sid, un bradipo chiacchierone, Manny, un mammouth triste e malinconico, e Diego, un tigre dai denti a sciabola, si riuniscono anche se contro voglia per per aiutare un bambino a tornare da suo padre."
Skal: Fight for Survival,2023-11-24,0,0,
American Dreamer,2022-11-04,0,0,
Le follie dell'imperatore,2000-12-15,100000000,169327687,"L'imperatore Kuzco sta per compiere 18 anni ma è troppo pieno di sé per trovare una sposa 'adeguata'. Compie però l'errore di licenziare l'anziana consigliera Izma che si vendica con l'aiuto del fusto Kronk che le fa da chaperon. Il proposito è quello di avvelenarlo ma, per un errore, di Kronk, la pozione non lo uccide, ma lo trasforma in un lama (parlante ovviamente). L'imperatore lama finisce così sul carro del campagnolo Pacha col quale avvia un rapporto amichevolmente conflittuale. La loro alleanza porterà comunque alla sconfitta di Izma e al ritorno dell'Imperatore a un'umanità completa (anche in rapporto agli altri)."
Napoleon,2023-11-22,165000000,220597098,"Uno sguardo personale sulle origini del condottiero francese e sulla sua rapida e impetuosa ascesa come imperatore. La storia è raccontata attraverso la lente del rapporto dipendente e volatile di Napoleone con la moglie Giuseppina, suo unico vero amore."
"Il buono, il brutto, il cattivo",1966-12-22,1200000,38900000,"Durante la guerra di Secessione, tre spregiudicati avventurieri, cercano di impossessarsi di un carico d'oro che gli permetterebbe di chiudere con la vita da pistoleri. Ma la guerra li costringerà a cambiare i loro piani."
Autopsy,2016-12-21,4000000,6170043,"Grantham, Virginia. Nello scantinato di una casa teatro di un misterioso duplice omicidio viene trovato anche il cadavere di una giovane donna. Nessuno sa chi sia e perciò viene denominata Jane Doe, nome generico. L'esperto medico legale Tommy Tilden, assistito dal figlio Austin, è incaricato di eseguire l'autopsia di Jane Doe per individuare le cause della morte, che sono ignote. Il corpo è in condizioni perfette, senza alcun segno evidente di ferite o ecchimosi. Che cosa quindi ha ucciso la ragazza? Questo è il mistero che padre e figlio devono svelare attraverso l'autopsia. Polsi e caviglie risultano fratturati, gli occhi grigi, la lingua recisa. Una mosca, inoltre, esce dal naso di Jane. Più procede l'analisi, più il mistero si infittisce in un clima di orrore che non può che sfociare nell'orrore vero e proprio. E intanto, fuori, è in arrivo una tempesta epocale."
Farang,2023-06-28,4920000,1500000,"Sam è un detenuto esemplare. A pochi mesi dalla scarcerazione, si prepara diligentemente al suo reinserimento. Durante un congedo, però, il suo passato lo raggiunge e un incidente gli lascia una sola scelta: scappare. Cinque anni dopo ha ricostruito la sua vita in Thailandia, dove ha creato la famiglia che aveva sempre sognato. Ma Narong, il padrino locale, lo costringe a ricadere nella delinquenza. Quando Sam decide di interrompere tutto, Narong attacca la sua famiglia. Sam attraverserà la Thailandia per vendicarsi del suo carnefice."
"Miraculous World - Parigi, Le avventure di Shadybug e Claw Noir",2023-10-21,0,0,"Nel cuore di Parigi, improvvisamente, spuntano i portatori di Miraculous da un altro mondo. Provengono da un universo parallelo dove tutto è capovolto: i portatori dei Miraculous della Coccinella e del Gatto Nero sono i cattivi."
Fast X,2023-05-17,340000000,704709660,"Nel corso di molte sfide, Dom Toretto e la sua famiglia hanno superato in astuzia, coraggio e abilità tutti i nemici che hanno incontrato sul loro cammino. Ora si trovano di fronte all'avversario più letale che abbiano mai affrontato: una minaccia terribile che emerge dalle ombre del passato, alimentata dalla vendetta, determinata a disperdere la famiglia e a distruggere per sempre tutto e tutti i suoi cari. In ""Fast Five"", Dom e la sua squadra hanno eliminato il famigerato boss della droga brasiliano Hernan Reyes. Quello che non sapevano è che il figlio Dante ha assistito a tutto questo e ha passato gli ultimi 12 anni a elaborare un piano per far pagare a Dom il prezzo più alto.  Il complotto di Dante spingerà la famiglia di Dom da Los Angeles alle catacombe di Roma, dal Brasile a Londra e dal Portogallo all'Antartide. Si stringeranno nuove alleanze e torneranno vecchi nemici. Ma tutto cambia quando Dom scopre che suo figlio di 8 anni è l'obiettivo finale della vendetta di Dante."
The Help,2011-08-09,25000000,216600000,"Nel Mississippi, durante gli anni Sessanta, Eugenia Skeeter Phelan dopo aver terminato gli studi ha l’intenzione di divenire un giorno scrittrice e raccontare la storia delle discriminazioni razziali a cui sono costrette le donne di colore che, come Aibileen e Minnie, da sempre si prendono cura delle famiglie della zona. La ragazza rivoluzionerà con le sue interviste per un libro la vita di amici e concittadini, costretti a rivedere le loro ataviche convinzioni, di cui la portavoce per eccellenza è Hilly Holbrook, reginetta dei salotti borghesi."
Alice in Terrorland,2023-12-26,0,0,
Wonderful Days,2003-07-17,0,0,"La civiltà è stata distrutta dalla guerra e dall'inquinamento, ma i sopravvissuti hanno costruito l'ultima città di Ecoban. Poiché la maggior parte delle risorse naturali è stata esaurita, Ecoban è alimentato dall'inquinamento. I cittadini di Ecoban devono continuare a creare questo inquinamento che li porta in conflitto con gli abitanti di Marr mentre un uomo vuole solo sgombrare le nuvole e vedere il cielo."
La maledizione della prima luna,2003-07-09,140000000,655011224,"Caraibi, 1700. La figlia del governatore viene rapita dal malvagio pirata Barbossa. Will Turner  amico d'infanzia della ragazza e segretamente innamorato di lei, si unisce a Jack Sparrow, un pirata vagabondo e per cui la parola strano suona eufemistica, per portare in salvo la fanciulla. Ma per riuscirci, dovranno affrontare misteriose e sinistre forze del male che risalgono addirittura a una maledizione azteca..."
O Mestre da Fumaça,2023-05-18,120000,0,
John Wick 4,2023-03-22,90000000,440157245,"John Wick trova una via per sconfiggere la Gran Tavola. Ma prima di guadagnare la libertà, Wick deve affrontare un nuovo nemico che ha potenti alleanze in tutto il mondo e ha mezzi tali da tramutare vecchi amici in nuovi nemici."
Spider-Man: No Way Home,2021-12-15,200000000,1921847111,"In seguito agli eventi di Spider-Man: Far from Home, la vita di Peter Parker viene stravolta dopo che Mysterio rivela al mondo la sua identità. Peter chiede aiuto a Stephen Strange affinché usi la magia per far scordare a tutti la sua identità. Ma l'incantesimo non va come previsto e Peter si ritrova a dover affrontare nemici da altri universi e a scoprire cosa significa davvero essere Spider-Man."
3 Days in Malay,2023-08-11,0,0,
Inside Out,2015-06-17,175000000,857611174,"Riley ha undici anni e una vita felice. Divisa tra l'amica e due genitori adorabili cresce assieme alle sue emozioni che la consigliano, la incoraggiano, la contengono, la spazientiscono, la intristiscono, la infastidiscono. Dentro la sua testa e dietro ai pulsanti della console emozionale governa Joy, sempre positiva e intraprendente, si spazientisce Anger, sempre pronto alla rissa, si turba Fear, sempre impaurito e impedito, si immalinconisce Sadness, sempre triste e sfiduciata, arriccia il naso Disgust, sempre disgustata e svogliata. Trasferiti dal Minnesota a San Francisco, Riley e genitori provano ad adattarsi alla nuova vita. Il debutto a scuola e il camion del trasloco perduto nel Texas, mettono però a dura prova le loro emozioni. A peggiorare le cose ci pensano Sadness e Joy, la prima ostinata a partecipare ai cambiamenti emotivi di Riley, la seconda risoluta a garantirle un'imperturbabile felicità. Ma la vita non è mai così semplice."
The Marvels,2023-11-08,274800000,207089999,"Carol Danvers alias Captain Marvel si è ripresa la sua identità dal tirannico Kree e ha avuto la sua vendetta contro la Suprema Intelligenza. Ma a causa di conseguenze inaspettate, Carol si carica del fardello di un universo destabilizzato. Quando i suoi doveri la mandano in un wormhole anomalo collegato a un rivoluzionario Kree, i suoi poteri si intrecciano con quelli della super fan di Jersey City, Kamala Khan alias Ms. Marvel, e la nipote di Carol da cui si è separata da tempo, il capitano Monica Rambeau. Insieme questo trio improbabile deve fare squadra e imparare a lavorare in sinergia per salvare l’universo nei panni delle “Marvels”."
Monolith,2023-10-26,0,12480,"Una giovane giornalista disperata comincia a pubblicare un podcast per salvare la sua carriera, ma la foga per i titoli di richiamo la conduce verso una cospirazione aliena."
Malditas,2023-10-20,400000,0,
Coco,2017-10-27,175000000,807816196,"Coco racconta la storia del giovane Miguel che sogna di diventare un celebre musicista come il suo idolo Ernesto de la Cruz ma non capisce perché in famiglia sia severamente bandita qualsiasi forma di musica, da generazioni. Desideroso di dimostrare il proprio talento, a seguito di una misteriosa serie di eventi Miguel finisce per ritrovarsi nella sorprendente e variopinta Terra dell’Aldilà. Lungo il cammino, si imbatte nel simpatico e truffaldino Hector; insieme intraprenderanno uno straordinario viaggio alla scoperta della storia, mai raccontata, della famiglia di Miguel."
Coraline e la porta magica,2009-02-05,60000000,172750668,"Coraline ha undici anni e si è da poco trasferita con la sua famiglia in una nuova casa. Tutto è ancora da esplorare, ma i suoi genitori sono troppo occupati con il lavoro per dedicarsi a lei. La spediscono a giocare in giardino, le preparano al volo la cena quando è ora, la invitano a cavarsela da sola. È così che Coraline scopre una porticina che dà su un tunnel polveroso che porta ad un altro appartamento, in tutto simile al suo, dove vivono un'altra mamma e un altro papà, che altro non fanno che occuparsi di lei. Tutto è spettacolare e desiderabile, dall'altra parte del tunnel, se non fosse che le persone hanno strani bottoni cuciti al posto degli occhi."
Il Signore degli Anelli - Il ritorno del re,2003-12-17,94000000,1118888979,"Le forze di Sauron hanno attaccato la capitale di Gondor, Minas Tirith, nel suo assedio finale contro l'umanità. Tenuto da un debole sovrintendente, quello che una volta era un fastoso regno non ha mai avuto così bisogno del proprio re. Mentre Gandalf tenta disperatamente di spingere lo smembrato esercito di Gondor ad agire, Thèoden si unisce ai guerrieri di Rohan per combattere assieme a loro. Pieno di coraggio e di appassionata lealtà, l'esercito degli umani non riesce però a tener testa alle numerosissime legioni nemiche che giungono su tutto il regno. Ogni vittoria è accompagnata da un grande sacrificio. Malgrado le numerose perdite, la Compagnia si lancia verso la più grande battaglia mai affrontata, unita dall'unico scopo di riuscire a tenere Sauron distratto e dare a Frodo una occasione per portare a termine la sua spedizione..."
Harry Potter e la camera dei segreti,2002-11-13,100000000,876688482,"Harry Potter sta trascorrendo noiose vacanze estive presso gli zii, oltretutto senza aver ricevuto nemmeno un messaggio dagli amici Ron e Hermione. Colpa di Dobby, elfo domestico che ha intercettato la posta per convincere il ragazzo a lasciare la scuola di magia di Hogwarts dove lo attenderebbe un terribile pericolo. L'arrivo all'accademia coincide in effetti con una serie di strani e paurosi fenomeni: esseri pietrificati, scritte di sangue sui muri e soprattutto l'accenno a una misteriosa ""camera dei segreti"" che conterrebbe qualcosa di malefico. Quando il pericolo comincerà a riguardare i suoi amici Harry saprà risolvere la situazione."
Super Mario Bros. - Il film,2023-04-05,100000000,1362000000,"Un idraulico di Brooklyn di nome Mario viaggia attraverso il Regno dei Funghi con una principessa di nome Peach e un fungo antropomorfo di nome Toad per trovare il fratello di Mario, Luigi, e salvare il mondo da uno spietato mostro sputafuoco di nome Bowser."
